<?xml version="1.0" encoding="UTF-8"?>
<PermissionSet xmlns="http://soap.sforce.com/2006/04/metadata">
    <applicationVisibilities>
        <application>EBikes</application>
        <visible>true</visible>
    </applicationVisibilities>
    <fieldPermissions>
        <editable>true</editable>
        <field>Order_Item__c.Price__c</field>
        <readable>true</readable>
    </fieldPermissions>
    <fieldPermissions>
        <editable>true</editable>
        <field>Order_Item__c.Product__c</field>
        <readable>true</readable>
    </fieldPermissions>
    <fieldPermissions>
        <editable>true</editable>
        <field>Order_Item__c.Qty_L__c</field>
        <readable>true</readable>
    </fieldPermissions>
    <fieldPermissions>
        <editable>true</editable>
        <field>Order_Item__c.Qty_M__c</field>
        <readable>true</readable>
    </fieldPermissions>
    <fieldPermissions>
        <editable>true</editable>
        <field>Order_Item__c.Qty_S__c</field>
        <readable>true</readable>
    </fieldPermissions>
    <fieldPermissions>
        <editable>true</editable>
        <field>Product_Family__c.Category__c</field>
        <readable>true</readable>
    </fieldPermissions>
    <fieldPermissions>
        <editable>true</editable>
        <field>Product_Family__c.Description__c</field>
        <readable>true</readable>
    </fieldPermissions>
    <fieldPermissions>
        <editable>true</editable>
        <field>Product__c.Battery__c</field>
        <readable>true</readable>
    </fieldPermissions>
    <fieldPermissions>
        <editable>true</editable>
        <field>Product__c.Category__c</field>
        <readable>true</readable>
    </fieldPermissions>
    <fieldPermissions>
        <editable>true</editable>
        <field>Product__c.Charger__c</field>
        <readable>true</readable>
    </fieldPermissions>
    <fieldPermissions>
        <editable>true</editable>
        <field>Product__c.Description__c</field>
        <readable>true</readable>
    </fieldPermissions>
    <fieldPermissions>
        <editable>true</editable>
        <field>Product__c.Fork__c</field>
        <readable>true</readable>
    </fieldPermissions>
    <fieldPermissions>
        <editable>true</editable>
        <field>Product__c.Front_Brakes__c</field>
        <readable>true</readable>
    </fieldPermissions>
    <fieldPermissions>
        <editable>true</editable>
        <field>Product__c.Level__c</field>
        <readable>true</readable>
    </fieldPermissions>
    <fieldPermissions>
        <editable>true</editable>
        <field>Product__c.MSRP__c</field>
        <readable>true</readable>
    </fieldPermissions>
    <fieldPermissions>
        <editable>true</editable>
        <field>Product__c.Material__c</field>
        <readable>true</readable>
    </fieldPermissions>
    <fieldPermissions>
        <editable>true</editable>
        <field>Product__c.Motor__c</field>
        <readable>true</readable>
    </fieldPermissions>
    <fieldPermissions>
        <editable>true</editable>
        <field>Product__c.Picture_URL__c</field>
        <readable>true</readable>
    </fieldPermissions>
    <fieldPermissions>
        <editable>true</editable>
        <field>Product__c.Product_Family__c</field>
        <readable>true</readable>
    </fieldPermissions>
    <fieldPermissions>
        <editable>true</editable>
        <field>Product__c.Rear_Brakes__c</field>
        <readable>true</readable>
    </fieldPermissions>
    <hasActivationRequired>false</hasActivationRequired>
    <label>ebikes</label>
    <objectPermissions>
        <allowCreate>false</allowCreate>
        <allowDelete>false</allowDelete>
        <allowEdit>false</allowEdit>
        <allowRead>true</allowRead>
        <modifyAllRecords>false</modifyAllRecords>
        <object>Account</object>
        <viewAllRecords>true</viewAllRecords>
    </objectPermissions>
    <objectPermissions>
        <allowCreate>false</allowCreate>
        <allowDelete>false</allowDelete>
        <allowEdit>false</allowEdit>
        <allowRead>true</allowRead>
        <modifyAllRecords>false</modifyAllRecords>
        <object>Order</object>
        <viewAllRecords>true</viewAllRecords>
    </objectPermissions>
    <objectPermissions>
        <allowCreate>true</allowCreate>
        <allowDelete>true</allowDelete>
        <allowEdit>true</allowEdit>
        <allowRead>true</allowRead>
        <modifyAllRecords>true</modifyAllRecords>
        <object>Order_Item__c</object>
        <viewAllRecords>true</viewAllRecords>
    </objectPermissions>
    <objectPermissions>
        <allowCreate>true</allowCreate>
        <allowDelete>true</allowDelete>
        <allowEdit>true</allowEdit>
        <allowRead>true</allowRead>
        <modifyAllRecords>true</modifyAllRecords>
        <object>Order__c</object>
        <viewAllRecords>true</viewAllRecords>
    </objectPermissions>
    <objectPermissions>
        <allowCreate>true</allowCreate>
        <allowDelete>true</allowDelete>
        <allowEdit>true</allowEdit>
        <allowRead>true</allowRead>
        <modifyAllRecords>true</modifyAllRecords>
        <object>Product_Family__c</object>
        <viewAllRecords>true</viewAllRecords>
    </objectPermissions>
    <objectPermissions>
        <allowCreate>true</allowCreate>
        <allowDelete>true</allowDelete>
        <allowEdit>true</allowEdit>
        <allowRead>true</allowRead>
        <modifyAllRecords>true</modifyAllRecords>
        <object>Product__c</object>
        <viewAllRecords>true</viewAllRecords>
    </objectPermissions>
    <tabSettings>
        <tab>Order__c</tab>
        <visibility>Visible</visibility>
    </tabSettings>
    <tabSettings>
        <tab>Product_Explorer</tab>
        <visibility>Visible</visibility>
    </tabSettings>
    <tabSettings>
        <tab>Product_Family__c</tab>
        <visibility>Visible</visibility>
    </tabSettings>
    <tabSettings>
        <tab>Product__c</tab>
        <visibility>Visible</visibility>
    </tabSettings>
</PermissionSet>
